ts	phase	decision	why	evidence	result
2026-10-03T18:57:22+00:00	start	Record the implementation carried into this continuation.	The available session summary describes earlier work. These checkpoint timestamps record this continuation.	docs/plans/2026-10-03-cloudflare-migration.md	Local implementation inspected.
2026-10-03T18:57:22+00:00	design	Use Workers and D1 for the backend.	The user requires Cloudflare-only hosting. Django Containers would retain an external PostgreSQL service.	worker/wrangler.jsonc	Selected and implemented.
2026-10-03T18:57:22+00:00	contracts	Generate model, serializer, and route contracts from Django.	Build the Lever makes the original contract reproducible and catches omitted routes.	scripts/cloudflare-contract.py	Captured 26 models, 51 serializers, and 111 URL patterns.
2026-10-03T18:57:22+00:00	data	Put tenant relationships and quotas in D1 constraints and batch dependent writes.	Model the Domain keeps ownership and stock rules in the database under concurrent requests.	worker/migrations/0004_tenant_guards.sql	Tenant and concurrent-write scenarios pass.
2026-10-03T18:57:22+00:00	runtime	Keep the frontend API on the same origin through a Worker service binding.	Existing callers keep their URL paths and the API Worker can remain private.	frontend/cloudflare-worker.ts	Combined preview health and clinical UI pass.
2026-10-03T18:57:22+00:00	debug	Preserve the trailing slash on the team root route.	The original-route check exposed Hono path joining that removed the slash.	worker/tests/runtime.test.mjs	Every primary original route and method is covered.
2026-10-03T18:57:22+00:00	debug	Use manual redirect handling for upstream requests.	Workers fetch rejected redirect=error. Manual handling prevents secret forwarding across redirects.	worker/src/integrations.ts	Mock upstream and SSO exchange scenarios pass.
2026-10-03T18:57:22+00:00	migration	Preserve supported passwords and reject hashes the runtime cannot verify.	A successful import must retain usable credentials instead of copying an unsupported hash silently.	scripts/tests/test_cloudflare_data.py	Preservation and unsupported-hash tests pass.
2026-10-03T18:57:22+00:00	migration	Import images from a local backup with deterministic R2 keys and checksum verification.	Build the Lever makes upload recovery repeatable and checks actual stored bytes.	scripts/cloudflare-media.py	One local R2 image round trip verified.
2026-10-03T18:57:22+00:00	reminders	Drain a leased email outbox every quarter hour and honor imported reminder audits.	Retries need to preserve previous sends and concurrent requests must not claim the same email.	worker/src/resources.ts	Concurrent deduplication passes. Provider and database failures can still cause duplicate sends.
2026-10-03T18:57:22+00:00	dependencies	Update compatible dependencies and pin patched ZIP and PostCSS versions.	The audit found advisories in the frontend dependency tree. A fresh install was needed to resolve the PostCSS override.	frontend/package.json	API audit has zero findings. Eight build-tool advisories remain through braces.
2026-10-03T18:57:22+00:00	proof	Run real workerd workflows and the browser against the combined Workers preview.	Prove It Works requires observed runtime behavior beyond a successful compile.	.audit/cloudflare-test.log	Nine API scenarios and five migration tests pass.
2026-10-03T18:57:22+00:00	proof	Inspect saved clinical records and bilingual print output in the browser.	Clinic staff must still create patients, consultations, and prescriptions after the runtime migration.	.audit/cloudflare-print.png	Patient, consultation, prescription, and Tamil print view verified.
2026-10-03T18:57:22+00:00	proof	Build both deployable Workers and keep their command output.	The handoff must include the actual artifacts intended for Cloudflare.	.audit/cloudflare-build.log	Both builds pass.
2026-10-03T18:57:22+00:00	deploy	Reject placeholder D1 IDs and localhost production origins before deployment.	Development configuration must not be deployed as production configuration.	scripts/cloudflare-preflight.mjs	The current placeholders are rejected as expected.
2026-10-03T18:57:22+00:00	review	Review sequentially in the main thread.	The supplied AGENTS instructions require sequential work in place of subagents.	docs/cloudflare-verification.md	Self-review completed. No independent model review.
2026-10-03T18:57:22+00:00	handoff	Prepare staging, data cutover, and rollback instructions before requesting deployment approval.	Poteto Mode requires a pause for deploys. Local work remains reviewable before that pause.	CLOUDFLARE-DEPLOY.md	No resources created, deployment attempted, or live data changed.
2026-10-03T19:01:24+00:00	proof	Run the final preview command with explicit D1 persistence and the preview origin.	The preview must use the migrated local database and produce links to its own origin.	.audit/cloudflare-team.png	Health, existing clinical print view, and the Team page pass after restart.
2026-10-03T19:45:19+00:00	email	Replace Cloudflare Email Service with Amazon SES.	The user selected SES and stated a 50000 daily quota. This supersedes the earlier Cloudflare email choice.	worker/src/email.ts	SESv2 HTTPS sender implemented. Cloudflare EMAIL binding removed.
2026-10-03T19:45:19+00:00	email	Keep SES signing and response validation in the sender module.	Boundary Discipline keeps transport details out of OTP, invitation, and reminder logic.	worker/src/email.ts	Caller contracts remain unchanged. Automatic SendEmail retries are disabled.
2026-10-03T19:45:19+00:00	proof	Verify signed SES requests and provider failures under workerd.	Prove It Works requires the actual Worker to issue requests. A separate HMAC implementation verifies the received AWS signature.	worker/tests/runtime.test.mjs	Ten API scenarios and five migration tests pass.
2026-10-03T19:45:19+00:00	config	Keep the existing ap-south-1 region default and require AWS credentials as Worker secrets.	No AWS credentials are available in the project or the local default credential chain. The quota cannot be checked remotely yet.	CLOUDFLARE-DEPLOY.md	Live SES account and inbox verification remain pending configuration.
